image,label
a3640-MB_20030906_033.jpg,Real World
a2963-IMG_5028.jpg,Real World
a4846-Duggan_050714_1952.jpg,Real World
a4085-_MG_2385.jpg,Real World
a3900-jmac_DSC5843.jpg,Real World
a2310-WP_CRW_7814.jpg,Real World
a3785-IMG_3417.jpg,Real World
a1578-kme_008.jpg,Real World
a4184-jmac_MG_5507.jpg,Real World
a1021-IMG_5051.jpg,Real World
a0247-kme_376.jpg,Real World
a0683-DSC_0011-1.jpg,Real World
a3869-_MG_7067.jpg,Real World
a4210-kme_0540.jpg,Real World
a3557-IMG_1507.jpg,Real World
a1279-KE_-0091.jpg,Real World
a1589-WP_CRW_8115.jpg,Real World
a4655-20090214_at_00h14m18__78U3080.jpg,Real World
a2613-kme_035.jpg,Real World
a4816-_DSC0008.jpg,Real World
a1227-KE_-1576.jpg,Real World
a0159-20061222_130937__E6B6186.jpg,Real World
a2867-kme_466.jpg,Real World
a4625-KE_-0065.jpg,Real World
a1585-Ja_Pe-45.jpg,Real World
a4775-DSC_0040.jpg,Real World
a3733-WP_CRW_4827.jpg,Real World
a4265-Duggan_080411_5930.jpg,Real World
a4973-DSC_0162.jpg,Real World
a3821-_DGW6390.jpg,Real World
a2667-NKIM_MG_4329.jpg,Real World
a1209-DSC_0014-2.jpg,Real World
a3944-dvf_071.jpg,Real World
a3535-_I2E6130.jpg,Real World
a0455-_DSC4605.jpg,Real World
a1950-kme_338.jpg,Real World
a1951-CRW_0014.jpg,Real World
a1972-WP_CRW_9308.jpg,Real World
a2646-050801_143748__I2E5549.jpg,Real World
a3060-kme_369.jpg,Real World
a1396-20051221_193040__E6B9719.jpg,Real World
a2066-050815_161922__I2E6478.jpg,Real World
a4880-09-05-19-at-19h14m11s-_MG_9569.jpg,Real World
a0662-IMG_0325.jpg,Real World
a2249-tc_DSC1869.jpg,Real World
a3723-WP_CRW_4404.jpg,Real World
a2873-IMG_0330.jpg,Real World
a3862-JI2E0423.jpg,Real World
a4697-DSC_0154.jpg,Real World
a3359-JI2E5640.jpg,Real World
a0843-IMG_0009.jpg,Real World
a2651-dgw_017.jpg,Real World
a2845-kme_420.jpg,Real World
a3705-kme_421.jpg,Real World
a1486-07-11-25-at-10h58m01s-_MG_6923.jpg,Real World
a1266-20060206_145139__MG_2286.jpg,Real World
a1146-_DSC0027-2.jpg,Real World
a4557-DSC_0477.jpg,Real World
a3919-KE_-1608.jpg,Real World
a4590-_DSC0115.jpg,Real World
a1928-dgw_135.jpg,Real World
a3183-_DSC5701.jpg,Real World
a4820-DSC_0210.jpg,Real World
a0568-_MG_1090.jpg,Real World
a1022-IMG_4563.jpg,Real World
a0319-kme_344.jpg,Real World
a2032-Ja_Pe-31.jpg,Real World
a4656-DSC_0232.jpg,Real World
a3764-20060618_093109__MG_8792.jpg,Real World
a2790-jmac_DSC2385.jpg,Real World
a4419-_DGW0269.jpg,Real World
a4532-DSC_0141.jpg,Real World
a3190-_78U7672.jpg,Real World
a3250-dgw_113.jpg,Real World
a3784-07-10-06-at-16h08m07s-_MG_3859.jpg,Real World
a0686-KE_-1758.jpg,Real World
a1010-_DSC1161.jpg,Real World
a3135-jn_20080802_0023.jpg,Real World
a4020-IMG_3763.jpg,Real World
a4639-09-05-17-at-19h55m45s-_MG_9244.jpg,Real World
a3951-IMG_0100.jpg,Real World
a1848-WP_CRW_4247.jpg,Real World
a0262-JI2E4358.jpg,Real World
a3761-_DGW6383.jpg,Real World
a3409-20080509_070806__MG_9695.jpg,Real World
a3855-kme_075.jpg,Real World
a0449-IMG_4461.jpg,Real World
a4660-kme_0489.jpg,Real World
a0936-Ja_Pe-96.jpg,Real World
a3513-CRW_0153.jpg,Real World
a3960-_DSC0003-2.jpg,Real World
a4599-DSC_0244.jpg,Real World
a2664-20081226_at_17h48m43__MG_3997.jpg,Real World
a2553-IMG_1852.jpg,Real World
a0967-IMG_4718.jpg,Real World
a1786-kme_520.jpg,Real World
a2564-IMG_4901.jpg,Real World
a3230-jn_20081025_Kent_Shelter_134.jpg,Real World
a0164-kme_446.jpg,Real World
a3114-jmacdscf0563.jpg,Real World
a1476-IMG_2647.jpg,Real World
a3108-kme_161.jpg,Real World
a1059-kme_594.jpg,Real World
a4882-DSC_0337.jpg,Real World
a3083-GrassleyCase-5372.jpg,Real World
a0094-CRW_2714.jpg,Real World
a4456-DSC_0472.jpg,Real World
a0863-dvf_078.jpg,Real World
a0206-kme_576.jpg,Real World
a2233-_I2E8955.jpg,Real World
a4181-DSC_0046.jpg,Real World
a2894-IMG_2413.jpg,Real World
a3649-WP_CRW_0691.jpg,Real World
a3595-kme_243.jpg,Real World
a0525-MB_070908_076.jpg,Real World
a0540-jmac_MG_5988.jpg,Real World
a2468-_DSC9195.jpg,Real World
a0758-050731_160352__I2E5385.jpg,Real World
a3986-IMG_4118.jpg,Real World
a0321-KE_-0010.jpg,Real World
a1084-jmac_MG_5972.jpg,Real World
a4733-Duggan_050709_1059.jpg,Real World
a3127-kme_304.jpg,Real World
a3215-dgw_121.jpg,Real World
a1367-07-11-11-at-11h49m06s-_MG_4547.jpg,Real World
a4238-Duggan_090320_5609.jpg,Real World
a4717-DSC_0089.jpg,Real World
a1027-JI2E4545.jpg,Real World
a1616-_DGW6356.jpg,Real World
a1809-2004-01-17 16-07-12 CRW_2859.jpg,Real World
a2827-dgw_085.jpg,Real World
a2245-20060508_141031__MG_6785.jpg,Real World
a0038-MB_070908_135.jpg,Real World
a1122-20080622_at_13h47m40__MG_9874.jpg,Real World
a2145-IMG_0473.jpg,Real World
a1450-WP_CRW_9349.jpg,Real World
a1543-WP_CRW_8532.jpg,Real World
a0041-IMG_4972.jpg,Real World
a4806-Duggan_090207_4948.jpg,Real World
a2947-IMG_0123.jpg,Real World
a1171-_DGW6372.jpg,Real World
a2439-_DGW6364.jpg,Real World
a4594-DSC_0015.jpg,Real World
a0213-kme_335.jpg,Real World
a3041-_DGW6232.jpg,Real World
a3443-jmac_DSC6260.jpg,Real World
a3637-_MG_0120.jpg,Real World
a3573-IMG_4284.jpg,Real World
a3684-kme_403.jpg,Real World
a2786-jmac_DSC2849.jpg,Real World
a2067-dvf_013.jpg,Real World
a1073-IMG_2650.jpg,Real World
a3467-dgw_035.jpg,Real World
a0194-IMG_2736.jpg,Real World
a2465-20051009_143101__MG_0625.jpg,Real World
a2116-_DSC0007.jpg,Real World
a0859-dvf_099.jpg,Real World
a2380-20060208_203256__MG_2849.jpg,Real World
a0753-IMG_0220.jpg,Real World
a1868-WP_CRW_4106.jpg,Real World
a1830-CRW_2726.jpg,Real World
a1497-_DSC0045.jpg,Real World
a1014-IMG_3957.jpg,Real World
a1514-050708_111324__I2E9652.jpg,Real World
a0412-_DGW6297.jpg,Real World
a0681-060811_183554__MG_6223.jpg,Real World
a4352-_DGW6241.jpg,Real World
a2165-LS051026_day_3_arrive46.jpg,Real World
a3956-IMG_1808.jpg,Real World
a1156-IMG_4771.jpg,Real World
a4300-_DGW0239.jpg,Real World
a0971-NKIM_002.jpg,Real World
a4901-DSC_0234.jpg,Real World
a2248-NKIM_113.jpg,Real World
a4091-_DSC0041.jpg,Real World
a2328-kme_547.jpg,Real World
a1893-_DSC1459.jpg,Real World
a0515-NKIM_MG_6602.jpg,Real World
a4023-NKIM_MG_3314.jpg,Real World
a0982-jmac_MG_1105.jpg,Real World
a1579-NKIM_MG_6206.jpg,Real World
a1569-kme_334.jpg,Real World
a3517-IMG_4763.jpg,Real World
a0690-_MG_6397.jpg,Real World
a2231-kme_394.jpg,Real World
a3362-dgw_110.jpg,Real World
a4686-DSC_0438.jpg,Real World
a3220-IMG_4829.jpg,Real World
a4877-DSC_0087.jpg,Real World
a3604-kme_293.jpg,Real World
a3562-kme_256.jpg,Real World
a0313-_MG_7253.jpg,Real World
a1237-kme_389.jpg,Real World
a0677-050716_112558__I2E4115.jpg,Real World
a3899-jmac_DSC2259.jpg,Real World
a3926-dgw_077.jpg,Real World
a0640-20061231_174638__E6B8019.jpg,Real World
a2811-kme_358.jpg,Real World
a3239-JI2E4475.jpg,Real World
a4111-kme_207.jpg,Real World
a3976-Ja_Pe-10.jpg,Real World
a1388-jmac_MG_6009.jpg,Real World
a2525-jn_2007_12_12__BU_CRUISE_090.jpg,Real World
a1111-IMG_1114.jpg,Real World
a1216-_DSC0010.jpg,Real World
a2097-NKIM_MG_6177.jpg,Real World
a2901-_DSC0013-4.jpg,Real World
a2911-Ja_Pe-18.jpg,Real World
a0216-IMG_4476.jpg,Real World
a4052-20060620_165511__MG_9535.jpg,Real World
a4346-_DSC0062.jpg,Real World
a0946-NKIM_MG_8210.jpg,Real World
a2105-jmac_MG_7930.jpg,Real World
a1129-DSC_0075-1.jpg,Real World
a1627-LS_060715_8780.jpg,Real World
a2787-DSC_0009.jpg,Real World
a3402-jmac_DSC3153.jpg,Real World
a3628-_DSC9996.jpg,Real World
a0555-_DSC3330.jpg,Real World
a1133-jmac_DSC2375.jpg,Real World
a1982-DSC_0249.jpg,Real World
a3630-jn_20080524_141.jpg,Real World
a2095-07-11-22-at-08h32m36s-_MG_6015.jpg,Real World
a3505-CRW_0288.jpg,Real World
a2817-NKIM_086.jpg,Real World
a0189-IMG_1799.jpg,Real World
a4267-20090414_at_23h13m08__MG_1367.jpg,Real World
a0333-IMG_0661.jpg,Real World
a4177-jmac_DSC1412.jpg,Real World
a3512-LSstone_060805_9380.jpg,Real World
a4460-kme_1016.jpg,Real World
a2178-jmac_DSC0711.jpg,Real World
a0137-IMG_4565.jpg,Real World
a0434-IMG_3559.jpg,Real World
a1015-_DSC5571.jpg,Real World
a0969-dgw_056.jpg,Real World
a0440-MB_070520_107.jpg,Real World
a3488-kme_546.jpg,Real World
a4116-IMG_2042.jpg,Real World
a4685-Duggan_080411_5945.jpg,Real World
a4431-Duggan_090330_6282.jpg,Real World
a2173-jmac_DSC0715.jpg,Real World
a3479-NKIM_MG_8033.jpg,Real World
a3035-KE_-02.jpg,Real World
a0931-DSC_0001.jpg,Real World
a0030-_MG_7844.jpg,Real World
a1067-050708_162150__I2E9694.jpg,Real World
a1872-_DSC5412.jpg,Real World
a2256-_DSC5654.jpg,Real World
a4514-kme_0258.jpg,Real World
a0605-_MG_7197.jpg,Real World
a4113-IMG_2800.jpg,Real World
a2791-_DGW6374.jpg,Real World
a0150-_DSC0064.jpg,Real World
a4764-kme_0243.jpg,Real World
a3672-IMG_4986.jpg,Real World
a4965-Duggan_090405_7028.jpg,Real World
a4028-060810_105728__MG_6096.jpg,Real World
a3609-IMG_1702.jpg,Real World
a1183-07-07-01-at-11h01m48s-_MG_2035.jpg,Real World
a3709-_DGW6314.jpg,Real World
a1521-kme_400.jpg,Real World
a0492-20061222_123303__E6B6057.jpg,Real World
a4628-Duggan_090428_8108.jpg,Real World
a0482-NKIM_MG_6625.jpg,Real World
a2002-_MG_0225.jpg,Real World
a4563-_DSC0171.jpg,Real World
a0915-MB_060708_204.jpg,Real World
a0340-kme_373.jpg,Real World
a3825-NKIM_MG_3084.jpg,Real World
a2746-jn_20080803_0705.jpg,Real World
a0220-LS051026_day_1_arive28.jpg,Real World
a3795-_DSC0024.jpg,Real World
a0132-tc_DSC2376.jpg,Real World
a4059-_DSC6414.jpg,Real World
a3014-IMG_1904.jpg,Real World
a2549-IMG_3684.jpg,Real World
a2432-IMG_4459.jpg,Real World
a4441-_DGW0274.jpg,Real World
a4752-_DSC2732.jpg,Real World
a2344-JI2E5003.jpg,Real World
a3872-IMG_4058.jpg,Real World
a3995-IMG_0187.jpg,Real World
a1003-_DSC0048-2.jpg,Real World
a4528-Duggan_090209_4971.jpg,Real World
a1251-_DGW6263.jpg,Real World
a0374-IMG_4326.jpg,Real World
a4310-DSC_0007.jpg,Real World
a0792-jmac_DSC1632.jpg,Real World
a2500-IMG_4279.jpg,Real World
a3394-_DGW6419.jpg,Real World
a0311-jmac_MG_0128.jpg,Real World
a1821-07-11-19-at-14h41m50s-_MG_5129.jpg,Real World
a1598-WP_CRW_0386.jpg,Real World
a3522-IMG_4772.jpg,Real World
a3076-dgw_036.jpg,Real World
a0502-JI2E4143.jpg,Real World
a4193-NKIM_MG_8174.jpg,Real World
a4012-kme_316.jpg,Real World
a1458-kme_111.jpg,Real World
a1700-07-11-22-at-13h30m23s-_MG_6305.jpg,Real World
a1187-DSC_0029.jpg,Real World
a4567-WP_CRW_4310.jpg,Real World
a0726-IMG_1669.jpg,Real World
a0193-IMG_4321.jpg,Real World
a2049-IMG_1585.jpg,Real World
a1108-WP_CRW_4842.jpg,Real World
a2137-LS051025_day_2_LL006.jpg,Real World
a3914-DSC_0002-1.jpg,Real World
a2477-_DSC3246.jpg,Real World
a0050-_DSC0006.jpg,Real World
a4400-_DGW9653.jpg,Real World
a4165-jmacdscf0032.jpg,Real World
a0258-kme_598.jpg,Real World
a4659-_DSC0041-1.jpg,Real World
a2838-20061223_190650__E6B7006.jpg,Real World
a4211-Duggan_090305_5296.jpg,Real World
a3556-_DGW6389.jpg,Real World
a3716-IMG_0301.jpg,Real World
a3352-LS_060719_7305.jpg,Real World
a0620-jmac_MG_6253.jpg,Real World
a4270-Duggan_050710_1295.jpg,Real World
a3669-IMG_4072.jpg,Real World
a0107-IMG_2837.jpg,Real World
a4143-LSCRW_0029.jpg,Real World
a2924-Ja_Pe-60.jpg,Real World
a0180-kme_307.jpg,Real World
a2690-IMG_0260.jpg,Real World
a1726-IMG_4057.jpg,Real World
a4926-DSC_0019.jpg,Real World
a2800-kme_281.jpg,Real World
a0833-DSC_0012-1-2.jpg,Real World
a1175-kme_007.jpg,Real World
a1896-kme_558.jpg,Real World
a2076-KE_-1552.jpg,Real World
a2557-_DGW6396.jpg,Real World
a1375-jmac_DSC0540.jpg,Real World
a4698-09-05-17-at-20h52m53s-_MG_9266.jpg,Real World
a4715-Duggan_090503_8760.jpg,Real World
a4924-_DSC0021-2.jpg,Real World
a0740-dvf_019.jpg,Real World
a3170-IMG_0123.jpg,Real World
a4117-050918_141526__MG_5987.jpg,Real World
a0221-NKIM_MG_3324.jpg,Real World
a0055-050729_194412__I2E5282.jpg,Real World
a4555-Duggan_050709_1140.jpg,Real World
a4920-DSC_0020.jpg,Real World
a0771-WP_CRW_9526.jpg,Real World
a4397-Duggan_080819_1155.jpg,Real World
a2585-DSC_0254.jpg,Real World
a4650-DSC_0019-2.jpg,Real World
a0708-20070210_164509__MG_6786.jpg,Real World
a0268-_DSC0059.jpg,Real World
a0678-kme_475.jpg,Real World
a1025-IMG_4065.jpg,Real World
a2442-IMG_3549.jpg,Real World
a0031-WP_CRW_0736.jpg,Real World
a3949-kme_384.jpg,Real World
a4831-Duggan_090406_7270.jpg,Real World
a3005-IMG_4349.jpg,Real World
a0601-07-11-26-at-12h45m09s-_MG_7055.jpg,Real World
a1347-IMG_3997.jpg,Real World
a3596-kme_570.jpg,Real World
a1692-jmac_DSC1701.jpg,Real World
a2181-_DSC0003-4.jpg,Real World
a1386-NKIM_MG_6675.jpg,Real World
a1926-_DSC3003.jpg,Real World
a3905-kme_177.jpg,Real World
a0008-WP_CRW_3959.jpg,Real World
a1135-050716_214208__I2E4324.jpg,Real World
a2996-_DSC3082.jpg,Real World
a1200-IMG_1677.jpg,Real World
a0737-07-09-22-at-20h14m16s-_Z9B3228.jpg,Real World
a2415-IMG_5816.jpg,Real World
a3875-_DSC0013.jpg,Real World
a1447-kme_500.jpg,Real World
a1160-_MG_1159.jpg,Real World
a2384-IMG_2883.jpg,Real World
a1506-jn_20081230_Kent_Shelter_012.jpg,Real World
a3439-IMG_3798.jpg,Real World
a4546-Duggan_081010_1913.jpg,Real World
a0411-07-11-21-at-13h12m13s-_MG_5935.jpg,Real World
a1757-dvf_023.jpg,Real World
a1835-_MG_0201.jpg,Real World
a3047-kme_101.jpg,Real World
a2643-kme_096.jpg,Real World
a1901-_MG_0357.jpg,Real World
a0491-2004-07-29 14-32-56 CRW_3077.jpg,Real World
a0907-IMG_2648.jpg,Real World
a4269-09-05-19-at-18h33m41s-_MG_9542.jpg,Real World
a2874-IMG_4365.jpg,Real World
a0579-IMG_0825.jpg,Real World
a0264-KE_-0094.jpg,Real World
a2736-IMG_2856.jpg,Real World
a1974-kme_058.jpg,Real World
a4519-_DGW7869.jpg,Real World
a2898-dvf_011.jpg,Real World
a2281-kme_425.jpg,Real World
a1257-_I2E6481.jpg,Real World
a4072-IMG_0002.jpg,Real World
a4169-MB_20030906_101.jpg,Real World
a3323-WP_CRW_8158.jpg,Real World
a1181-_I2E7838.jpg,Real World
a3740-_DSC1411.jpg,Real World
a4264-Duggan_090428_8025.jpg,Real World
a1659-IMG_4181.jpg,Real World
a1819-kme_034.jpg,Real World
a3024-07-08-11-at-16h35m32s-N0000142.jpg,Real World
a4865-Duggan_090331_6584.jpg,Real World
a2844-jmac_DSC3373.jpg,Real World
a3501-dgw_154.jpg,Real World
a4533-DSC_0286.jpg,Real World
a0016-jmac_MG_0795.jpg,Real World
a2325-jn_2007_12_15__BU_CRUISE_237.jpg,Real World
a3502-jmac_DSC1035.jpg,Real World
a3674-jmac_MG_0392.jpg,Real World
a3696-jmac_DSC1242.jpg,Real World
a3018-jmac_MG_0481.jpg,Real World
a4445-kme_0333.jpg,Real World
a0021-07-11-28-at-09h22m57s-_MG_7427.jpg,Real World
a0781-20080627_at_18h09m45__MG_0793.jpg,Real World
a1250-kme_041.jpg,Real World
a3982-KE_-0013.jpg,Real World
a0005-jn_2007_05_10__564.jpg,Real World
a0898-kme_251.jpg,Real World
a2774-_DSC0051.jpg,Real World
a2280-jmac_DSC0618.jpg,Real World
a3066-_DGW6324.jpg,Real World
a0239-_MG_1622.jpg,Real World
a0715-060812_182920__MG_6255.jpg,Real World
a2079-jmac_DSC3894.jpg,Real World
a4308-Duggan_090209_4996.jpg,Real World
a2140-dgw_021.jpg,Real World
a2648-IMG_5835.jpg,Real World
a2849-kme_555.jpg,Real World
a0807-DSC_0026.jpg,Real World
a0803-20081226_at_17h04m14__MG_3930.jpg,Real World
a3055-20051223_105419__MG_0634.jpg,Real World
a0940-IMG_0472.jpg,Real World
a2973-kme_431.jpg,Real World
a4086-jmac_MG_7933.jpg,Real World
a0250-IMG_5079.jpg,Real World
a1909-KE_-0029-2.jpg,Real World
a2476-_DSC6421.jpg,Real World
a4406-DSC_0152.jpg,Real World
a3636-20041222_195608__E6B6989.jpg,Real World
a1069-IMG_0382.jpg,Real World
a1735-Ja_Pe-91.jpg,Real World
a4823-DSC_0417.jpg,Real World
a0064-_DSC7889.jpg,Real World
a1789-jmac_DSC6275.jpg,Real World
a0163-WP_CRW_0638.jpg,Real World
a4398-Duggan_050709_1062.jpg,Real World
a2463-IMG_0003.jpg,Real World
a2274-jn_2007_12_12__BU_CRUISE_056.jpg,Real World
a2037-kme_476.jpg,Real World
a2099-KE_-0086.jpg,Real World
a1324-IMG_4182.jpg,Real World
a0908-060813_072428__Z9B1305.jpg,Real World
a1665-jn_20080821_NYC_006.jpg,Real World
a0818-DSC_0061.jpg,Real World
a2462-KE_-0058.jpg,Real World
a2271-tc_DSC9848.jpg,Real World
a1304-JI2E4713.jpg,Real World
a0446-jn_20071027_StormClouds_0009.jpg,Real World
a0245-IMG_4069.jpg,Real World
a3577-IMG_0038.jpg,Real World
a2361-07-06-01-at-13h15m17-s_MG_1259.jpg,Real World
a3837-dgw_100.jpg,Real World
a1088-dgw_155.jpg,Real World
a0799-IMG_4617.jpg,Real World
a3954-_MG_0841.jpg,Real World
a1330-20080625_at_00h06m29__MG_0169.jpg,Real World
a2698-dgw_106.jpg,Real World
a3396-jmac_DSC3876.jpg,Real World
a2888-kme_480.jpg,Real World
a1588-MB_080329_053.jpg,Real World
a2056-Ja_Pe-46.jpg,Real World
a3526-IMG_4977.jpg,Real World
a2336-IMG_1392.jpg,Real World
a2453-JI2E0566.jpg,Real World
a3163-LS20050429d650049.jpg,Real World
a3542-NKIM_MG_6910.jpg,Real World
a4975-20090414_at_22h52m18__MG_1358.jpg,Real World
a2455-kme_201.jpg,Real World
a2309-NKIM_MG_7495.jpg,Real World
a1225-_DSC0019-2.jpg,Real World
a0878-050716_112808__I2E4120.jpg,Real World
a1321-MB_20030906_084.jpg,Real World
a1529-08-04-27-at-20h31m30s-_78U8099.jpg,Real World
a1941-MB_20030906_014.jpg,Real World
a3988-_MG_0823.jpg,Real World
a3193-KE_-2155.jpg,Real World
a2254-kme_121.jpg,Real World
a4760-Duggan_081024_2178.jpg,Real World
a2485-_DGW6336.jpg,Real World
a4231-Duggan_080326_5786.jpg,Real World
a2620-IMG_0099.jpg,Real World
a4011-NKIM_MG_0335.jpg,Real World
a4493-Duggan_090322_6041.jpg,Real World
a1272-_DGW6377.jpg,Real World
a2429-kme_315.jpg,Real World
a4069-kme_224.jpg,Real World
a3606-jmacAlgarve_Sagres_28.jpg,Real World
a1392-08-05-25-at-15h08m39s-_MG_9578.jpg,Real World
a2065-IMG_4753.jpg,Real World
a2969-MB_060909_061.jpg,Real World
a0358-MB_080329_074.jpg,Real World
a4613-_DGW9045.jpg,Real World
a4641-_DSC0021.jpg,Real World
a4851-kme_274.jpg,Real World
a0371-IMG_4770.jpg,Real World
a1280-kme_047.jpg,Real World
a3338-DSC_0002.jpg,Real World
a2535-IMG_5055.jpg,Real World
a2398-051007_160936__I2E8858.jpg,Real World
a0101-kme_610.jpg,Real World
a3319-MB_070908_080.jpg,Real World
a3301-IMG_5187.jpg,Real World
a2689-jmac_DSC3218.jpg,Real World
a4867-DSC_0350.jpg,Real World
a2979-_DSC0068.jpg,Real World
a3868-IMG_2046.jpg,Real World
a3339-_MG_7202.jpg,Real World
a4166-jmac_DSC1563.jpg,Real World
a1870-jmac_MG_6385.jpg,Real World
a3025-jmac_DSC2964.jpg,Real World
a3574-Ja_Pe-28.jpg,Real World
a4797-DSC_0455.jpg,Real World
a3427-050701_165914__MG_3414.jpg,Real World
a3920-jmac_MG_0682.jpg,Real World
a4898-Duggan_090212_5075.jpg,Real World
a2904-_DSC3226.jpg,Real World
a4497-kme_1003.jpg,Real World
a4301-_DSC0054.jpg,Real World
a1924-IMG_0226.jpg,Real World
a0899-_MG_1099.jpg,Real World
a4123-IMG_0070.jpg,Real World
a0901-jn_2007_12_12__BU_CRUISE_066.jpg,Real World
a3065-jmac_DSC0967.jpg,Real World
a3689-JI2E3798.jpg,Real World
a0616-DSC_0146.jpg,Real World
a1244-IMG_4410.jpg,Real World
a2519-kme_250.jpg,Real World
a3063-dgw_138.jpg,Real World
a1691-tc_DSC1134.jpg,Real World
a3890-IMG_4308.jpg,Real World
a2081-WP_CRW_4558.jpg,Real World
a4319-DSC_0132.jpg,Real World
a3006-_DGW6223.jpg,Real World
a4044-IMG_1634.jpg,Real World
a4819-Duggan_090330_6230.jpg,Real World
a2531-Ja_Pe-42.jpg,Real World
a4063-07-11-25-at-18h26m49s-_MG_7002.jpg,Real World
a2912-20051006_200556__MG_0421.jpg,Real World
a1471-07-07-15-at-23h51m48s-_MG_2179.jpg,Real World
a3701-Ja_Pe-55.jpg,Real World
a1545-IMG_4787.jpg,Real World
a2815-jn_20080814_New_York_City_065.jpg,Real World
a1400-MB_070908_014.jpg,Real World
a1645-_DSC2624.jpg,Real World
a4886-Duggan_090503_8792.jpg,Real World
a3039-07-06-02-at-10h16m04-s_MG_1405.jpg,Real World
a0112-kme_093.jpg,Real World
a1478-kme_317.jpg,Real World
a2699-IMG_1695.jpg,Real World
a2569-WP_CRW_7853.jpg,Real World
a2855-IMG_0718.jpg,Real World
a4241-_DSC0059.jpg,Real World
a1914-dgw_080.jpg,Real World
a1224-_DGW6318.jpg,Real World
a2925-DSC_0036-2.jpg,Real World
a4606-_DSC0074.jpg,Real World
a3500-dgw_099.jpg,Real World
a1242-07-10-27-at-16h31m23s-_MG_3949.jpg,Real World
a4392-Duggan_090331_6554.jpg,Real World
a4974-Duggan_090226_5202.jpg,Real World
a4279-WP_CRW_0610.jpg,Real World
a1649-MB_20030906_004.jpg,Real World
a0184-_DSC0097.jpg,Real World
a3546-IMG_0117.jpg,Real World
a3790-IMG_5048.jpg,Real World
a0298-IMG_5043.jpg,Real World
a0105-kme_439.jpg,Real World
a0993-jmac_MG_0770.jpg,Real World
a4986-DSC_0177.jpg,Real World
a1996-07-10-06-at-15h02m12s-_MG_3767.jpg,Real World
a0687-2004-03-29 08-27-22 CRW_5754.jpg,Real World
a0004-jmac_MG_1384.jpg,Real World
a2595-IMG_2729.jpg,Real World
a3780-JI2E3902.jpg,Real World
a3886-_DGW6415.jpg,Real World
a0732-DSC_0075.jpg,Real World
a0589-LSstone_060806_8886.jpg,Real World
a2789-jmac_MG_0522.jpg,Real World
a2616-07-12-01-at-11h09m15s-_MG_8482.jpg,Real World
a2544-IMG_3338.jpg,Real World
a3292-jmac_MG_4914.jpg,Real World
a1981-WP_CRW_7751.jpg,Real World
a0099-kme_264.jpg,Real World
a3605-IMG_2772.jpg,Real World
a4194-LS051026_day_1_arive50.jpg,Real World
a2114-_DSC0013-3.jpg,Real World
a1558-jmac_DSC3007.jpg,Real World
a4622-_DGW9528.jpg,Real World
a1284-Ja_Pe-37.jpg,Real World
a1298-IMG_4392.jpg,Real World
a4772-DSC_0041.jpg,Real World
a4918-Duggan_080324_5694.jpg,Real World
a3004-WP_CRW_9572.jpg,Real World
a4506-_DSC0018.jpg,Real World
a0688-IMG_4426.jpg,Real World
a0238-dvf_024.jpg,Real World
a4183-kme_523.jpg,Real World
a4985-jmac_MG_7412.jpg,Real World
a0462-jn_20080928_088.jpg,Real World
a1011-kme_050.jpg,Real World
a3600-JI2E3496.jpg,Real World
a3491-DSC_0091.jpg,Real World
a0542-IMG_4760.jpg,Real World
a1459-IMG_4909.jpg,Real World
a2412-LS_060724_8808.jpg,Real World
a1847-20051222_141305__MG_0341.jpg,Real World
a1547-jmac_DSC3518.jpg,Real World
a1313-jmac_DSC2619.jpg,Real World
a1086-DSC_0010.jpg,Real World
a3963-jmac_DSC3835.jpg,Real World
a0017-050710_031618__MG_3496.jpg,Real World
a2387-KE_-1488.jpg,Real World
a2148-NKIM_MG_8299.jpg,Real World
a1861-jmac_MG_6054.jpg,Real World
a3304-IMG_4322.jpg,Real World
a1992-jmac_DSC1521.jpg,Real World
a2038-NKIM_077.jpg,Real World
a0218-kme_181.jpg,Real World
a3651-kme_579.jpg,Real World
a4236-DSC_0384.jpg,Real World
a0922-WP_CRW_4811.jpg,Real World
a0026-kme_391.jpg,Real World
a0420-KE_-1536.jpg,Real World
a1635-IMG_0121.jpg,Real World
a1959-JI2E4641.jpg,Real World
a2559-dgw_136.jpg,Real World
a3616-kme_214.jpg,Real World
a2543-kme_590.jpg,Real World
a0476-_DSC6400.jpg,Real World
a0647-_DSC0047.jpg,Real World
a4295-20090426_at_13h13m22__MG_0460.jpg,Real World
a4862-jmac_MG_1010.jpg,Real World
a3861-jn_2007_12_10__BU_CRUISE_010.jpg,Real World
a4987-_DGW0297.jpg,Real World
a1796-050731_201612__I2E5428.jpg,Real World
a1374-IMG_0937.jpg,Real World
a2171-kme_228.jpg,Real World
a2197-_DSC6374.jpg,Real World
a0632-07-06-01-at-12h50m26-s_MG_1230.jpg,Real World
a0888-_DSC0011.jpg,Real World
a2010-kme_487.jpg,Real World
a1307-WP_CRW_3693.jpg,Real World
a4006-jn_20080524_020.jpg,Real World
a4699-kme_0581.jpg,Real World
a2343-WP_CRW_3732.jpg,Real World
a3297-IMG_1426.jpg,Real World
a1958-IMG_5062.jpg,Real World
a4631-Duggan_080811_0493.jpg,Real World
a2306-kme_119.jpg,Real World
a3422-WP_CRW_0302.jpg,Real World
a0773-IMG_0067.jpg,Real World
a1446-IMG_4236.jpg,Real World
a2711-MB_070908_106.jpg,Real World
a2270-_DSC0033.jpg,Real World
a4662-Duggan_080115_4605.jpg,Real World
a2899-LS_060715_8774.jpg,Real World
a2243-Ja_Pe-92.jpg,Real World
a3946-MB_20030906_057.jpg,Real World
a4426-_DGW9439.jpg,Real World
a1186-IMG_5553.jpg,Real World
a3694-LS_060107_0711.jpg,Real World
a2351-WP_CRW_2780.jpg,Real World
a3134-IMG_4250.jpg,Real World
a4022-_DGW6330.jpg,Real World
a3307-jmac_MG_1001.jpg,Real World
a1675-kme_357.jpg,Real World
a3088-kme_286.jpg,Real World
a3000-_MG_7776.jpg,Real World
a4718-_DGW9472.jpg,Real World
a0172-jmac_DSC3528.jpg,Real World
a0076-jmac_MG_5736.jpg,Real World
a0880-kme_030.jpg,Real World
a1804-MB_060909_002.jpg,Real World
a4495-kme_2356.jpg,Real World
a4570-_DGW0236.jpg,Real World
a1333-IMG_4027.jpg,Real World
a2628-jmac_DSC1033.jpg,Real World
a4737-DSC_0089.jpg,Real World
a2957-KE_-2762.jpg,Real World
a0396-jn_20080802_0011.jpg,Real World
a0447-Ja_Pe-49.jpg,Real World
a2478-jmac_DSC3164.jpg,Real World
a3358-kme_273.jpg,Real World
a3385-DSC_0061-2.jpg,Real World
a1618-dgw_062.jpg,Real World
a4451-Duggan_080821_1263.jpg,Real World
a2494-20041224_163748__E6B7233.jpg,Real World
a3937-dvf_060.jpg,Real World
a3050-NKIM_MG_6691.jpg,Real World
a2512-JI2E4115.jpg,Real World
a3379-Ja_Pe-59.jpg,Real World
a2034-Ja_Pe-80.jpg,Real World
a4139-LS_060715_8835.jpg,Real World
a4185-DSC_0055-2.jpg,Real World
a3754-050731_151704__I2E5362.jpg,Real World
a0823-IMG_4221.jpg,Real World
a1278-kme_467.jpg,Real World
a2322-060810_113704__Z9B0250.jpg,Real World
a2858-GrassleyCase-5374.jpg,Real World
a4540-Duggan_080411_5948.jpg,Real World
a2151-Ja_Pe-21.jpg,Real World
a0567-_DGW6268.jpg,Real World
a4894-DSC_0009.jpg,Real World
a1079-IMG_0552.jpg,Real World
a2694-IMG_2050.jpg,Real World
a0788-IMG_4030.jpg,Real World
a2411-jmac_DSC1006.jpg,Real World
a4403-DSC_0130.jpg,Real World
a3796-NKIM_MG_7319.jpg,Real World
a2301-IMG_3499.jpg,Real World
a4486-DSC_0205.jpg,Real World
a3841-07-12-01-at-13h04m21s-_MG_8637.jpg,Real World
a3912-IMG_0246.jpg,Real World
a1114-IMG_4045.jpg,Real World
a1054-07-06-27-at-13h59m14s-_MG_1801.jpg,Real World
a4362-_DGW7864.jpg,Real World
a3584-DSC_0055.jpg,Real World
a2046-WP_IMG_0994.jpg,Real World
a4230-Duggan_090426_7798.jpg,Real World
a2475-DSC_0014.jpg,Real World
a2928-jmac_MG_0176.jpg,Real World
a3504-IMG_0903.jpg,Real World
a1938-DSC_0017.jpg,Real World
a0748-kme_222.jpg,Real World
a4200-_DGW6341.jpg,Real World
a2333-jmacdscf0017.jpg,Real World
a0721-IMG_3761.jpg,Real World
a3547-WP_CRW_0478.jpg,Real World
a0614-IMG_3348.jpg,Real World
a1721-DSC_0004.jpg,Real World
a3384-kme_524.jpg,Real World
a2219-kme_208.jpg,Real World
a0278-Ja_Pe-11.jpg,Real World
a4322-DSC_0145.jpg,Real World
a1243-kme_455.jpg,Real World
a2469-dvf_101.jpg,Real World
a2320-WP_CRW_8538.jpg,Real World
a3194-jmacdscf0029.jpg,Real World
a3205-dgw_042.jpg,Real World
a3453-kme_020.jpg,Real World
a0730-IMG_4792.jpg,Real World
a2207-jmac_MG_6896.jpg,Real World
a0780-_DSC0040-2.jpg,Real World
a2890-2004-03-29 08-35-06 CRW_5767.jpg,Real World
a3653-kme_600.jpg,Real World
a3189-jn_2007_05_03__166.jpg,Real World
a3346-Ja_Pe-71.jpg,Real World
a1935-MB_070908_090.jpg,Real World
a3171-jmac_DSC0972.jpg,Real World
a3113-JI2E3593.jpg,Real World
a1734-07-11-11-at-11h44m17s-_MG_4537.jpg,Real World
a1892-kme_365.jpg,Real World
a3826-kme_482.jpg,Real World
a4798-_DSC0159.jpg,Real World
a0457-NKIM_099.jpg,Real World
a4502-Duggan_090116_4368.jpg,Real World
a0785-dgw_058.jpg,Real World
a3130-_DGW6351.jpg,Real World
a0637-IMG_4277.jpg,Real World
a4952-_DGW9464.jpg,Real World
a1319-IMG_2601.jpg,Real World
a0007-IMG_2480.jpg,Real World
a3340-_DGW6366.jpg,Real World
a3911-07-07-01-at-10h50m55s-_MG_2028.jpg,Real World
a2836-jmac_MG_0389.jpg,Real World
a0987-kme_249.jpg,Real World
a1161-kme_409.jpg,Real World
a4969-Duggan_080819_1109.jpg,Real World
a3933-IMG_5822.jpg,Real World
a4228-DSC_0037-2.jpg,Real World
a4661-20090322_at_12h12m28__MG_0320.jpg,Real World
a3763-07-11-23-at-19h43m03s-_MG_6657.jpg,Real World
a0100-AlexWed07-9691.jpg,Real World
a1425-IMG_0885.jpg,Real World
a1881-kme_259.jpg,Real World
a4942-kme_0895.jpg,Real World
a1997-DSC_0005-1.jpg,Real World
a1690-061202_195438__MG_9731.jpg,Real World
a2017-dgw_045.jpg,Real World
a3069-jmac_DSC2462.jpg,Real World
a1168-dgw_057.jpg,Real World
a3953-jn_20080803_0524.jpg,Real World
a2364-DSC_0023.jpg,Real World
a3079-_MG_7179.jpg,Real World
a3389-dvf_004.jpg,Real World
a1524-jmacdscf0565.jpg,Real World
a1708-_MG_7164.jpg,Real World
a3792-dvf_064.jpg,Real World
a2639-_MG_1514.jpg,Real World
a2375-IMG_4979.jpg,Real World
a2887-LSYD4O0803.jpg,Real World
a3459-jmacdscf0611.jpg,Real World
a0349-jn_20081025_Kent_Shelter_068.jpg,Real World
a1701-jmac_DSC3938.jpg,Real World
a3959-dvf_057.jpg,Real World
a1158-kme_514.jpg,Real World
a1794-_DSC0132.jpg,Real World
a4948-_DGW7855.jpg,Real World
a4939-_DGW0287.jpg,Real World
a4648-_DGW0260.jpg,Real World
a2609-_I2E6263.jpg,Real World
a0490-dvf_093.jpg,Real World
a1256-Ja_Pe-30.jpg,Real World
a2877-jn_20081025_Kent_Shelter_319.jpg,Real World
a3296-20080509_071308__MG_9701.jpg,Real World
a4839-Duggan_090321_5908.jpg,Real World
a0968-kme_107.jpg,Real World
a4001-jn_20070824_0168.jpg,Real World
a4855-Duggan_090323_6207.jpg,Real World
a2934-IMG_3439.jpg,Real World
a1731-dgw_130.jpg,Real World
a4892-DSC_0126.jpg,Real World
a0714-IMG_0089.jpg,Real World
a4353-_DGW0322.jpg,Real World
a0979-_DSC0347.jpg,Real World
a3363-kme_226.jpg,Real World
a1106-_DSC0010.jpg,Real World
a0639-dvf_010.jpg,Real World
a4852-kme_288.jpg,Real World
a4696-Duggan_080323_5686.jpg,Real World
a2942-_DGW6332.jpg,Real World
a2706-jmac_DSC3867.jpg,Real World
a1902-_MG_7217.jpg,Real World
a0175-KE_-1376.jpg,Real World
a0649-Ja_Pe-77.jpg,Real World
a4428-DSC_0031.jpg,Real World
a1409-IMG_4840.jpg,Real World
a3399-WP_CRW_7762.jpg,Real World
a0645-kme_581.jpg,Real World
a0234-JI2E4685.jpg,Real World
a2479-_DGW6373.jpg,Real World
a3587-LS051025_day_2_LL034.jpg,Real World
a3744-NKIM_MG_6757.jpg,Real World
a4330-kme_0783.jpg,Real World
a4109-IMG_4415.jpg,Real World
a4157-dvf_076.jpg,Real World
a0036-jn_2007_05_05__183.jpg,Real World
a3073-DSC_0324.jpg,Real World
a0981-jmac_MG_1360.jpg,Real World
a2124-kme_070.jpg,Real World
a0569-IMG_0319.jpg,Real World
a3718-NKIM_MG_6600.jpg,Real World
a2984-_DGW6399.jpg,Real World
a0119-kme_120.jpg,Real World
a1976-_DSC4492.jpg,Real World
a0629-MB_20030906_100.jpg,Real World
a1918-kme_059.jpg,Real World
a1293-WP_CRW_4757.jpg,Real World
a0033-KE_-2590.jpg,Real World
a2422-WP_CRW_6908.jpg,Real World
a0630-jmac_DSC3294.jpg,Real World
a3378-IMG_4178.jpg,Real World
a3736-dvf_080.jpg,Real World
a1178-jmac_MG_6061.jpg,Real World
a2669-jmac_MG_0238.jpg,Real World
a2748-_DGW6282.jpg,Real World
a1326-Ja_Pe-67.jpg,Real World
a3153-IMG_0123.jpg,Real World
a0397-jn_2007_05_05__241.jpg,Real World
a1836-jn_20080803_0681.jpg,Real World
a2885-20081207_at_23h26m15__MG_3818.jpg,Real World
a0166-kme_509.jpg,Real World
a3167-_DSC0035.jpg,Real World
a0114-KE_-0062.jpg,Real World
a2229-LS_Z3J3937.jpg,Real World
a3762-IMG_3655-1.jpg,Real World
a1565-dvf_015.jpg,Real World
a3999-_DSC0028.jpg,Real World
a4803-DSC_0017-2.jpg,Real World
a4842-_DSC0023-2.jpg,Real World
a2605-kme_368.jpg,Real World
a2356-IMG_1653.jpg,Real World
a4464-kme_2498.jpg,Real World
a1586-kme_287.jpg,Real World
a1608-IMG_0010.jpg,Real World
a3575-IMG_0834.jpg,Real World
a4363-20090417_at_12h41m34__MG_1838.jpg,Real World
a2623-IMG_4700.jpg,Real World
a1591-IMG_4359.jpg,Real World
a4592-Duggan_090331_6589.jpg,Real World
a4833-_DGW7868.jpg,Real World
a3520-IMG_3470.jpg,Real World
a3747-kme_404.jpg,Real World
a2493-kme_309.jpg,Real World
a1346-20061213_142422__MG_3757.jpg,Real World
a4891-DSC_0069.jpg,Real World
a1308-LSYD4O0585.jpg,Real World
a4746-_DGW9510.jpg,Real World
a2220-IMG_2996.jpg,Real World
a0379-kme_397.jpg,Real World
a3936-jmac_DSC3823.jpg,Real World
a0366-kme_378.jpg,Real World
a5000-kme_0204.jpg,Real World
a4299-kme_0183.jpg,Real World
a1698-Ja_Pe-70.jpg,Real World
a1800-kme_456.jpg,Real World
a0070-IMG_4327.jpg,Real World
a1099-IMG_3511.jpg,Real World
a4338-DSC_0206.jpg,Real World
a1309-20060507_112829__E6B1004.jpg,Real World
a2540-DSC_0084.jpg,Real World
a0012-kme_143.jpg,Real World
a4726-DSC_0120.jpg,Real World
a1797-jmac_MG_6883.jpg,Real World
a1987-IMG_0017.jpg,Real World
a4879-IMG_3712.jpg,Real World
a2958-2004-07-31 13-03-42 CRW_3507.jpg,Real World
a0477-jn_2007_05_05__239.jpg,Real World
a4593-kme_0276.jpg,Real World
a2850-jmac_MG_5803.jpg,Real World
a0015-DSC_0081.jpg,Real World
a1655-IMG_3709.jpg,Real World
a2703-jmac_DSC1443.jpg,Real World
a4195-DSC_0100.jpg,Real World
a3303-_DSC0060.jpg,Real World
a2117-20050510_213735__MG_1270.jpg,Real World
a3496-dgw_160.jpg,Real World
a1493-IMG_4697.jpg,Real World
a4457-_DSC0012-5.jpg,Real World
a4964-NKIM_MG_6936.jpg,Real World
a3860-Ja_Pe-1.jpg,Real World
a1858-050815_174510__I2E6619.jpg,Real World
a0079-IMG_4099.jpg,Real World
a1475-dgw_146.jpg,Real World
a4383-_DGW9644.jpg,Real World
a4887-_92V6834.jpg,Real World
a3476-kme_003.jpg,Real World
a4588-kme_00044.jpg,Real World
a2700-kme_418.jpg,Real World
a4999-DSC_0035.jpg,Real World
a4100-kme_548.jpg,Real World
a1080-LSYD4O0096.jpg,Real World
a3473-jmac_MG_0161.jpg,Real World
a2634-IMG_5073.jpg,Real World
a1532-kme_033.jpg,Real World
a1123-NKIM_MG_6443.jpg,Real World
a3075-NKIM_131.jpg,Real World
a2878-CRW_0013.jpg,Real World
a1515-jmac_MG_1266.jpg,Real World
a3300-WP_CRW_4927.jpg,Real World
a0847-_DSC0145.jpg,Real World
a1910-jmacdscf0038.jpg,Real World
a2347-dvf_102.jpg,Real World
a3992-KE_-0044.jpg,Real World
a1856-_DGW6328.jpg,Real World
a4577-DSC_0111.jpg,Real World
a4415-kme_0239.jpg,Real World
a2532-dvf_091.jpg,Real World
a1991-IMG_4624.jpg,Real World
a0373-IMG_4954.jpg,Real World
a3797-jmac_MG_0496.jpg,Real World
a3586-IMG_4591.jpg,Real World
a0259-dvf_029.jpg,Real World
a1276-_DSC6183.jpg,Real World
a3372-_DSC3291.jpg,Real World
a1179-IMG_0025.jpg,Real World
a0796-dvf_062.jpg,Real World
a4173-DSC_0018-2.jpg,Real World
a4634-DSC_0335.jpg,Real World
a3156-20080514_101818__MG_9892.jpg,Real World
a0423-07-06-02-at-07h35m36-s_MG_1355.jpg,Real World
a4483-_DGW0262.jpg,Real World
a1638-IMG_3497.jpg,Real World
a1036-_DSC1428.jpg,Real World
a2879-IMG_0481.jpg,Real World
a4582-DSC_0343.jpg,Real World
a2785-NKIM_MG_7776.jpg,Real World
a2581-20061231_183045__E6B8042.jpg,Real World
a0604-jn_2007_12_15__BU_CRUISE_257.jpg,Real World
a0875-jmac_DSC1465.jpg,Real World
a2277-07-11-24-at-15h53m42s-_MG_6720.jpg,Real World
a2740-060117_180744__MG_7180.jpg,Real World
a2238-LSYD4O2464.jpg,Real World
a4991-20090327_at_06h08m24__MG_0852.jpg,Real World
a3074-IMG_4601.jpg,Real World
a2062-KE_-0066.jpg,Real World
a1879-jn_2007_12_11__BU_CRUISE_044.jpg,Real World
a4556-_DGW0305.jpg,Real World
a4172-JI2E5000.jpg,Real World
a4126-_MG_1739.jpg,Real World
a1764-IMG_3390.jpg,Real World
a2405-NKIM_MG_6615.jpg,Real World
a0513-WP_CRW_9545.jpg,Real World
